review_id,brand,model,source,user_name,review_text,rating,posted_date,scraped_at
37529406d49488dc9ed18c62ebcebd9c,TVS,TVS iQube,91wheels,Tajwar,"This is one of the best scooters in India in terms of looks, performance, and affordability. It offers a smooth riding experience and excellent value for money. I highly recommend it to my friends and anyone looking for a reliable scooter. Great job by TVS.",3.2,01-08-2026,01-08-2026
0289c5c1ad80b9046f8f809f03f0a235,TVS,TVS iQube,91wheels,Jatav Vaishali,"A fantastic scooter with great range, attractive colours, and impressive performance. The charging capability is excellent, with smooth ride comfort, refined performance, and good fuel efficiency. The large under-seat storage and practical features make it a perfect choice for everyday use.",4.2,01-08-2026,01-08-2026
c6e340545e71cd64f4b626774d883ff2,TVS,TVS iQube,91wheels,Basanta Kumar,"A nice electric scooter that offers true value for money. The ride is smooth, there are no major technology issues, and the support team has been very helpful. Thank you to the company management for creating such a reliable product. I will do my best to promote it.",5.0,31-07-2026,01-08-2026
56409ebf881f188337bce5c086d9047c,TVS,TVS iQube,91wheels,Uma Kalchati,"The TVS iQube is a comfortable scooter for small families. It offers a smooth and quiet ride with easy handling, making it a great option for ladies. It is especially convenient for daily activities like dropping kids at school and carrying vegetables or groceries.",5.0,30-07-2026,01-08-2026
01355f01f352d7fc620bca7532d2da61,TVS,TVS iQube,91wheels,Govind Rathore,"Bike kaafi comfortable hai. Looking bhi bahut achchi hai aur body bhi strong lagti hai. Ride itni smooth hai ki EV chalane jaisa feel hota hai. Jo bhi ye bike lena chahta hai, bina soche le sakta hai. Highly recommended.",5.0,26-07-2026,01-08-2026
18d443eb0ba543cd9b31f9aab1f530f8,TVS,TVS iQube,91wheels,manish,"Yeh scooter bahuti accha hai, yeh puraane scooters ki tarah iski design bahut sundar lagati hai. Chalane mein comfort hai.",5.0,25-07-2026,01-08-2026
5d29217ee82367b8cb79df53fb7dbf0e,TVS,TVS iQube,91wheels,Sharad Rathore,"The comfort that it offers is way better than the other scooters. Also the smooth rides too. And for most the saving part, it has reduced the cost of ride upto 90%.",5.0,25-07-2026,01-08-2026
17ae553b638109c669da6f7f8cf88772,TVS,TVS iQube,91wheels,Mohit,"Best family scooter in every manner for comfortable n smooth ride best buy best product suspension, disc break and overall design are very nice .shape of scooter is also very nice and best looking scooter.",5.0,01-08-2026,01-08-2026
9a625fbba4dd4c2b9badb99cfb111dc0,TVS,TVS iQube,91wheels,Ninganagouda Patil,"This is dependable, comfortable, and cost-effective daily drive scooty. If you want a hassle-free entry into the EV world backed by a trusted service network, the iQube is absolutely worth the investment.",5.0,01-08-2026,01-08-2026
106fbac7ea1792cc60bf1b938959c7d3,TVS,TVS iQube,91wheels,Namrata Chaurasia,"Bahut acchi scooty hai, mileage bhi acchi hai, design mein bhi acchi hai. Aur sabhi ko isko kharidna chahiye.",3.4,01-08-2026,01-08-2026
896a4a128537adbc41574f21bd1e3726,TVS,TVS iQube,91wheels,Puran Dangi,"TVS iQube gives smooth riding, good battery backup, smart features, and comfortable seating. It is perfect for daily city travel with low maintenance. Stylish design, silent performance, and overall very good value for money.",4.4,01-08-2026,01-08-2026
3236978839b49bd48c42de03f0a992b4,TVS,TVS iQube,91wheels,T Y NAIDU,"My scooter is very good and extremely easy to use. It charges quickly and delivers impressive mileage, making it a convenient and efficient choice for daily use.",5.0,01-08-2026,01-08-2026
6719bfd01407567953ce827b8d42d8db,TVS,TVS iQube,91wheels,srithar,"TVS is a trusted brand, and its vehicles are known for reliability and success. TVS offers good electric vehicle options that are liked by everyone. The models and appearance appeal to both youth and older riders alike. Thank you, TVS.",5.0,01-08-2026,01-08-2026
97ff89fd73aa372a67401f672710aee1,TVS,TVS iQube,91wheels,ashok,"The iCube has one of the best designs in the EV scooter segment. It comes with advanced technology features, a stylish look, and strong reliability. Overall, it stands out as a leading option in the EV market.",5.0,01-08-2026,01-08-2026
beb498f385791356eb62b997230bfded,TVS,TVS iQube,91wheels,Bharat Bhushan,"The TVS iQube features a sleek design and offers a smooth, comfortable ride. It stands out as an eco-friendly option, making it perfect for modern urban commuting. Both its features and performance are highly impressive, and it proves to be one of the best choices when compared to other electric scooters and bikes available in the market.",5.0,01-08-2026,01-08-2026
649c2a11f44acf4bd3390d1401405938,TVS,TVS iQube,91wheels,Ramnarayan,"In my opinion, this scooter is the best. It looks great, is very comfortable, and offers a smooth driving experience. It comes with excellent features, and riding it gives an absolutely amazing feeling.",5.0,01-08-2026,01-08-2026
903056116edc4fb5ab37513f84c85935,TVS,TVS iQube,91wheels,Anonymous,"This bike offers good performance and comes with bright headlights. The design is attractive from both the front and back, and overall, it checks all the important boxes. It’s a highly recommended choice for those looking for a reliable and stylish ride. I like it and find it satisfactory in every way.",5.0,01-08-2026,01-08-2026
8d78f9bb8088f08827f07ff7a056b8cd,TVS,TVS iQube,91wheels,Badthuniya Saini,"Bahut acha hai, features bhi bahut ache diye hain. I really appreciate it. Main isse use karke khush hoon. Drive ka touch screen bahut acha feature hai. Battery khatam hone se pehle alert bhi karta hai.",5.0,01-08-2026,01-08-2026
256bc374998601a7032796181b350aaf,TVS,TVS iQube,91wheels,Mukesh Joshi,"This scooter is excellent value for money and very cost-effective. It looks good, has a smart design, and instantly won me over at first sight. I am proud to own it, and even my family members and neighbors are interested in buying one.",4.8,01-08-2026,01-08-2026
cb92176c58daa55446b1a0f6cdffb200,TVS,TVS iQube,91wheels,Harikrishna,This is an awesome vehicle that has fully satisfied all my family members. I’ve recommended it to my friends and loved ones as well. It’s comfortable and perfect for family use.,5.0,01-08-2026,01-08-2026
22d147b88394b1162eab61cfc27f8f93,TVS,TVS iQube,91wheels,Muhammed Rafi,"The TVS iQube Electric is designed for city driving. The driving comfort is best for short distances. Overall, it’s a good scooter with an attractive design. It comes in two variants with ranges of 75 km and 150 km.",4.6,01-08-2026,01-08-2026
2ca6fee600f62588fea4efa16ed15473,TVS,TVS iQube,91wheels,SITA RAM MEENA,"This is a fantastic car with excellent performance. The petrol mileage is very good, and overall it is a top-quality vehicle.",3.0,01-08-2026,01-08-2026
b223d811350785c07dbc81bf1daaf3d6,TVS,TVS iQube,91wheels,Rajesh,"Very good scooter, must try this one. I am using a TVS scooter and it has the best performance record for me. Thank you to TVS service for the excellent support. Very, very good service.",5.0,01-08-2026,01-08-2026
bef74762acd4613c1d256cf32d71bc86,TVS,TVS iQube,91wheels,Rohan,"A good choice for an electric scooter. It offers good service and response compared to other electric vehicles. Choosing this one is a smart decision range, comfort, and safety are all good.",5.0,01-08-2026,01-08-2026
455b29c20943cc2f698efd840dcc3061,TVS,TVS iQube,91wheels,Chandu Halember,"This vehicle is great for middle-class families, helping to save on monthly petrol expenses. Delivery could be improved, but overall it is a reliable option. I am looking forward to the latest model update for even better features and performance.",5.0,01-08-2026,01-08-2026
f3083ea4d0a3b69a181a7c74681fa8de,TVS,TVS iQube,91wheels,Swarup Debroy,Mileage it's poor it's high variount atleast 300+ km single charge. please launch 300+ km one single charge. 214 km it's low off range per day work for this scotty new launch 350+ km one single charge.,1.0,01-08-2026,01-08-2026
8a63cec74a22c75d5b792ee67320cff3,TVS,TVS iQube,91wheels,Sumit Kumar,"Very good TVS! Excellent TVS! The best electric scooter for sure. Definitely buy it—it’s the number one in the market. My favorite TVS electric scooter, truly amazing",5.0,01-08-2026,01-08-2026
f9e855b5184756c0d7c0fc47af2863f4,TVS,TVS iQube,91wheels,Rahul Jangra,"It’s a good bike for daily use, especially for office commutes and personal errands. I recommend it to my friends for their personal use.",5.0,01-08-2026,01-08-2026
054aa6a75efe41a173028f882fda4dee,TVS,TVS iQube,91wheels,Iqube,this vehicle is very nice the one of the best vehicle in India Ola is the best hai yeh yeh zarur lo saari vehicle se yeh best hai aapko isko lena chahiye mai toh aap se yahi kehna chahta hoon baki aapki ichha hai thank you thank you,4.2,01-08-2026,01-08-2026
7c702ebe7f1062862d0f8b6f81d22c94,TVS,TVS iQube,91wheels,Gulshan kumar,"It's great for travel and completely pollution-free. Its cool design attracts attention. Overall, it’s a good choice for the environment.",5.0,01-08-2026,01-08-2026
dae39856d50076c64d7c079b6281f9f5,TVS,TVS iQube,91wheels,Lalita Rathor,this is the best EV scooter. I recommend this scooter because of its design. This is the best scooter. It is awesome. I like it.,4.4,01-08-2026,01-08-2026
df5a9a662a50e1a1d348c9e37bd564e2,TVS,TVS iQube,91wheels,Mahesh mishra,"It is very good, safe and future scooter that's why I like and I want to suggest each and every people to buy this EV.",3.8,01-08-2026,01-08-2026
5f80633a77ed8010d64846c736d2b561,TVS,TVS iQube,91wheels,VINAY KARORIYA,"This scooter is perfect for daily use. It performs really well in both city and town areas. The price is very reasonable, and the range is better than any other scooter in its segment. I definitely recommend it to others.",5.0,01-08-2026,01-08-2026
d6fad7057e37739079f39b4b085ee9ed,TVS,TVS iQube,91wheels,Divyam Barik,Every ride on my TVS iQube feels amazing. It starts immediately and runs whisper - quiet. It delivers smooth power with 52-55 km/hr in Eco mode and upto 90 km/hr in power mode. The ride feels sturdy and are reliable. Thought there aren't many smart features the overall efficiency and performance makes up to it.,3.4,01-08-2026,01-08-2026
8029729378934610e7899e5215f36b33,TVS,TVS iQube,91wheels,Lakshman Patel,Super scooter. Great design and impressive mileage. I highly recommend the TVS iQube Electric Scooter to anyone looking to buy an electric scooter.,5.0,01-08-2026,01-08-2026
5ff8d6a7ab202f2fff505f578308bd9f,TVS,TVS iQube,91wheels,MUKKANNA,Good bike for local use and a real money-saver among EVs. I’ve been using the TVS iQube for 1.5 years and I'm very happy with it. I recommend everyone to try the iQube I love it.,5.0,01-08-2026,01-08-2026
d091f365d17cfe5e2ae632d430bb940f,TVS,TVS iQube,91wheels,Amit malakar,TVS iQube is the best electric scooter. Best and heavy body or looking & design is very best I love iQube scooter & best price or great.,4.4,01-08-2026,01-08-2026
12b265a909b6cf64c7602b815f955fc9,TVS,TVS iQube,91wheels,Sujal,"Best in its segment with good mileage, and the price of the scooter is worth the quality it offers. I definitely recommend this scooter you should buy it.",5.0,01-08-2026,01-08-2026
16c6abd6abae31870f8797855f2f1739,TVS,TVS iQube,91wheels,Vikas Gharat,"TVs iQube very good. Running very smooth. Pick up is good. Reverse function ,parking system is good. Colour is also good. Compare to other scooters price was very good. That’s why I select TVS iQube. Really I love it.",4.2,01-08-2026,01-08-2026
b4002f4717c40f9d21c02cc8584cd349,TVS,TVS iQube,91wheels,Satyabrata Das,Awesome some specific features will be provided. Very comfortable riding. Very smooth and stylish. Overall experience is very good. I love this E scooter.,5.0,01-08-2026,01-08-2026
e0a1fa7fce323b7775b8ee135143f281,TVS,TVS iQube,91wheels,Gulshan,Overall pricing of this scooter is a bit high. And the side design is very much at lower side. Otherwise the scooter’s comfort and features are very much impressive. And the look of this scooter is one of the best look in EV scooter.,3.4,01-08-2026,01-08-2026
2e1f8ba98dd4725f4645efbdfdd69fac,TVS,TVS iQube,91wheels,Siva,"Super performance by i qube mainly no pollution with sound and emition, it's a very good product which I took from last 1 year and good comfort with the regular users with in range of 100 km . Thak you TVS",5.0,01-08-2026,01-08-2026
eada4e60f2d9ad47208172c985e8daf3,TVS,TVS iQube,91wheels,Abhishek savaliya,"It's good design and performance, very good attractive colour and much more and most important is the safety ,power , performance and driving comfort is too good",5.0,01-08-2026,01-08-2026
2ffcf6803fc13c4a15f195b04aecc409,TVS,TVS iQube,bikewale,Rajashekar,"Very bad experience while dealing with the Sales executive while purchasing the scooter. They said all bogus details while enquiring. In a rough paper just amount is mentioned in various categories with just a verbal explanation. For example, verbally it is said RTO charges Rs. 1500/-. Infact there is no RTO charges for Electrical vehicles. Then the sales executive showing just the figure of Rs. 2400/- says it is for side stand CENSORE Why there is a separate charges for this? Then come the extra fittings, for which 50% is charged. Why ? Then above all there is no transparency while issuing the Invoice. Invoice is given on plain paper without Sales executive's signature !Servicingsectionservicesare also not satisfactory.",2.0,18-07-2026,01-08-2026
1e30dcd8eeb172974164cb828a9ae272,TVS,TVS iQube,bikewale,Gurneet Singh,"I have used i qube for 3 years.Serviceis bad, nopartsare available and if some minor problem comes then at least 2-3 days are gone.. and if major then around a month.. its noy saving your fuel expenses.. its more expensive than that. The motor has been changed. The battery drains our early. After initial warranty.... there is no warranty given in anypartsof the scooter. And the cost is huge for the battery and motor. Even the charger costs around 10k.Never buying an electric vehicle tillpartsandserviceare available outside the showroom and at cheaper costs.",2.0,18-07-2026,01-08-2026
0f2d07f3d681014e974f9232762e81c3,TVS,TVS iQube,bikewale,Shankar,"I purchased a 3.5 kw with115 kmrange 3 months ago and have completed around2000 km. This vehicle's design and performance are really awesome. When it comes to the matter of range, the company gives a115 kmreal range, but it gives 80 to90 kmin eco mode. Pricing is also kept in benefitted range for customers.",4.0,18-07-2026,01-08-2026
1dc1ee197a7dd52c2af346b69a6bac42,TVS,TVS iQube,bikedekho,Nisha,"Very excellent riding experience with good battery backup and smooth riding, very good and attractive build of the body which is very eye catching plus the service staff is very polite and helpful always very supportive. Very compact design and fast charging capacity. Everyone is pleased and best feature is the environment benefits.",4.7,18-07-2026,01-08-2026
f35116d6e5a1bad3367bcfe93c7c7a79,Ather,Ather Rizta,91wheels,Anonymous,"This vehicle is performing very well. It runs smoothly, gives good average, and feels strong and durable. The maintenance cost is also reasonable, and there are no charging issues. Overall, it is a reliable and practical vehicle that is giving a great experience.",5.0,28-07-2026,01-08-2026
5a2b777e18871d9d1cab61dac3f9226f,Ather,Ather Rizta,91wheels,Vempa maheswararao,"This is a very good scooter for daily use. It is reliable, easy to maintain, and offers good mileage. The scooter provides a smooth and comfortable riding experience, making it a great choice for working professionals and everyday commuting. Overall, it is a practical and dependable scooter.",5.0,28-07-2026,01-08-2026
2e6ba2509a676c75e5cafe97aeb16974,Ather,Ather Rizta,91wheels,Riyaz Ahmad,"Ather Rizta is a totally comfortable vehicle for both men and women. I am planning to select and purchase this EV scooter soon. I would suggest this vehicle to everyone because it offers great comfort, modern features, and a smooth electric riding experience. Ather Rizta is a good choice for daily use.",5.0,27-07-2026,01-08-2026
2d9d9090d32e9c5ec04de1b1ec125697,Ather,Ather Rizta,91wheels,BASAVARAJA GM,"This vehicle is very comfortable and efficient. The company has a good service network. It is the best vehicle for long rides in the city, and it is also great for driving in heavy traffic. The fast-charging grid gives me a lot of confidence. The battery warranty is also very good.",4.8,25-07-2026,01-08-2026
b220b93894ce60b4db68cd3d8ff0b844,Ather,Ather Rizta,91wheels,Devi Venkat,"Super and nice, vehicle is more comfortable and nice all should go for it. it's more important and easy to maintain.",4.6,18-07-2026,01-08-2026
267f20aeae9c9acda53ee99d69ca7247,Ather,Ather Rizta,91wheels,Sashank Shekar,"This electric vehicle is fantastic. The single-charge range is excellent compared to other EVs currently on the market, and the 8-year battery warranty provides great peace of mind.",5.0,01-08-2026,01-08-2026
cf8d372981883f9ea3a607a2b24912a3,Ather,Ather Rizta,91wheels,KARRI PANDU,Excellent design and good battery And comfortable seat Totally 5 star rating Powerful electric scooter,5.0,01-08-2026,01-08-2026
093736fffe8dd9d68a22b3ba0186e404,Ather,Ather Rizta,91wheels,hajira siddiqua,"The brand truly speaks for itself—Ather is impressive! I have had an early riding experience, and the scooter is smooth, reliable, and stylish. A great choice for modern commuting.",5.0,01-08-2026,01-08-2026
d1d5a250d51e0c1f5fa048abff8c3c8b,Ather,Ather Rizta,91wheels,Sfkareemulla,"The Ather Ritz offers good performance and quality. The LED lights look great, the design is attractive, and the display is clear and useful. Compared to other electric scooters, Ather provides excellent quality and mileage. Overall, Ather delivers the best service and a satisfying riding experience.",5.0,01-08-2026,01-08-2026
063af2372836af38425d5a73d235df6b,Ather,Ather Rizta,91wheels,Atul Kumar,A very good scooter for city riding and daily commuting. It is cost-effective and practical for office travel. It also delivers a real-world range of around 120 km in city traffic. Highly recommended for everyday use.,4.4,01-08-2026,01-08-2026
56721a66a6e8dd7e4493fa714bef0936,Ather,Ather Rizta,91wheels,Astitva Garg,"One of the best electric scooters I have tried so far. It offers good comfort, attractive color options, and strong motor quality. Very smooth and reliable for daily use. I have also recommended it to my friends to buy.",4.0,01-08-2026,01-08-2026
5c3cb28d33cab6c799fb73a757ec4466,Ather,Ather Rizta,91wheels,SHEHZAD khandu,"Overall, it is good. I like this vehicle and it is a good buy for everyone. Nice mileage and good experience. Overall, it is a good vehicle. Ola and Ather are also good, so Ather is preferred. Low cost, full enjoyment.",3.4,01-08-2026,01-08-2026
536795e1b335a11b1cfd3cdfab719dfa,Ather,Ather Rizta,91wheels,Rasmiranjan,"It looks like a good option with a better overall experience. I am planning to purchase it soon after checking it properly. I will visit a showroom to test it and compare prices before making the final decision. Overall, it seems like a good and promising choice worth considering.",5.0,01-08-2026,01-08-2026
2d9be22f64d54ada47cdb44cc202dba8,Ather,Ather Rizta,91wheels,prabhat kumar,This is a wonderful bike that is very comfortable to ride. Its design and looks are very attractive and stylish. I also recommend it to my friends because of its overall performance and appeal.,5.0,01-08-2026,01-08-2026
8ff43feed0d16313c9304bddc400d9ea,Ather,Ather Rizta,91wheels,Harshit Jha,This is one of the best scooters available. There is no scooter like this; it is exactly what we want. Many thanks to Ather. The Ather Rizta is very impressive and feels unmatched in its segment.,5.0,01-08-2026,01-08-2026
3956abb0b3d39a886623766dae480c01,Ather,Ather Rizta,91wheels,Abhijit Sapate,"It offers excellent range, well-tuned suspension, attractive design, and outstanding comfort, making it a complete and satisfying driving experience.",5.0,01-08-2026,01-08-2026
c2d957612466b0ee7271a6815f66ef73,Ather,Ather Rizta,91wheels,Dewaanand Verma,"This is a very nice scooter with excellent fuel savings and good efficiency. It offers a practical range and feels strong and reliable for daily use. The overall economics are very good, making it a smart and budget-friendly option. I am planning to purchase a scooter from Ather Energy as I find their models impressive and suitable for my needs. Thank you",3.8,01-08-2026,01-08-2026
7a30f4beb6eb47d7e62261ba349efe5e,Ather,Ather Rizta,91wheels,rakesh,"The Ather Rista is a very comfortable and practical electric scooter, specially designed for family use. It offers smooth rides, good battery range, and excellent build quality. The storage is impressive, and the smart features with the touchscreen display make the riding experience modern and convenient. Overall, it’s a reliable and stylish EV, perfect for daily city commuting.",5.0,01-08-2026,01-08-2026
1dd4bff3a94f23bd7f3f0f333544f7db,Ather,Ather Rizta,91wheels,Debasrit,"This is one of the best family scooters available in the market, and among the top EV scooters in India. The space is excellent, the color options are attractive, and the performance is impressive. Overall, everything about this scooter is very good.",4.8,01-08-2026,01-08-2026
5ef10adcf7b6157565907ab3e1075e54,Ather,Ather Rizta,91wheels,Vinay,"I purchased this bike with my own money, and I can proudly say it was worth it. The sales team and executives made the entire process simple and smooth. The bike features a modern design and offers an impressive range, making it a reliable and stylish choice.",4.4,01-08-2026,01-08-2026
f8701c3c493cc1067b572f5df27f51f9,Ather,Ather Rizta,91wheels,Qureshi Tohed,"This scooter is extremely comfortable and truly stands out among other electric vehicles. I love it the most and plan to use it for years to come. The seat is wonderfully designed for long rides, and the battery life is excellent, offering extended usage for daily travel.",5.0,01-08-2026,01-08-2026
04537a43721c7372ef369b9761c587ca,Ather,Ather Rizta,91wheels,Surendar,Ather Ritza is a wonderful and the best family EV scooter ever. I like the design and comfort of this vehicle. I will suggest everyone buy this scooter. I love it.,4.0,01-08-2026,01-08-2026
8f1f949a081194876979f854eb72b9b3,Ather,Ather Rizta,91wheels,Anonymous,Ather is a very good scooter. It is also beneficial for a common man and family man. I like it very much.,5.0,01-08-2026,01-08-2026
9e4e8a7618ceff6715ef2e0f7df7816c,Ather,Ather Rizta,91wheels,bikash sahu,"It has a very good design and solid build quality. Overall, it is a family-friendly scooter that offers reliability, comfort, and practicality for everyday use.",5.0,01-08-2026,01-08-2026
943aca01e3b679721df3cbd822e01a4f,Ather,Ather Rizta,91wheels,ALI PAREKH,"This scooter offers great looks along with a very spacious under-seat storage. The mileage is impressive, and the shorter charging time helps save valuable time. It comes at an affordable price, making it a practical choice. The front design is appealing, and the seat is very comfortable, ensuring a pleasant riding experience.",5.0,01-08-2026,01-08-2026
ae7913036d30317261923c06933061bc,Ather,Ather Rizta,91wheels,Ashish Khorgade,"This vehicle is really good and economical, offering a comfortable ride. I would definitely recommend it to friends, as it is very useful for business purposes as well. Charging stations are easily accessible, and the storage space is fantastic, making it a practical and convenient choice for daily use.",4.2,01-08-2026,01-08-2026
f5701fe6ba6b0f01b4789ba81068c32e,Ather,Ather Rizta,91wheels,Mayank Singh,"This is the best electric scooter in its segment. I really like it for its performance, efficiency, and modern design. It stands out as a top choice for anyone looking for a reliable and stylish EV scooter.",5.0,01-08-2026,01-08-2026
1b08306fe89be80255b1dd68537fea84,Ather,Ather Rizta,91wheels,Satyendra,"Ather Energy offers a strong range of electric scooters with excellent battery backup and reliable service support. The scooters are known for their smooth performance, modern design, and high-quality build. Their stylish look and overall quality make them stand out in the electric scooter market, making it a preferred choice for many users.",5.0,01-08-2026,01-08-2026
5a065e63f4fd3c915576ed36185377e9,Ather,Ather Rizta,91wheels,Jabir Ali,The Ather Rista bike is very good. It offers a smooth and comfortable riding experience and is a reliable electric option for daily use.,5.0,01-08-2026,01-08-2026
52b8951d2e13a9d857764c3d7d21f835,Ather,Ather Rizta,91wheels,Anonymous,"The bike has a very nice and attractive look. It is a great choice for family rides and feels comfortable to use. The charging speed is good, and the control is smooth. The location tracking feature is also very useful, making the overall riding experience even better.",5.0,01-08-2026,01-08-2026
2d3ffa1d5231060008ca936ca34108f2,Ather,Ather Rizta,91wheels,VISHNU kumar,"This scooter is great for family use and very spacious, so rides are comfortable. I rode my friend’s scooter and found it smooth and easy to drive. Some features are very useful, and it is safe while riding. Overall, it is a reliable and practical scooter for daily use.",5.0,01-08-2026,01-08-2026
d82e37a824a029e0f0f06f7c21c5a805,Ather,Ather Rizta,91wheels,Anonymous,"The service was excellent, and we had a wonderful experience—perfect for families. The seats are very comfortable, and overall comfort is great. Although the charging time is a bit long, the performance is amazing.",4.4,01-08-2026,01-08-2026
a09e414df6af08ec081cb76d7a7c06ab,Ather,Ather Rizta,91wheels,Sa bh,This is one of the best e-bikes for today’s green initiatives. It is ideal for families and has a large boot space of 34 litres. A very good bike overall.,4.6,01-08-2026,01-08-2026
ee6c1ae003b2d2b6f6ed1554fdf85e7e,Ather,Ather Rizta,91wheels,Doni Ajith,"It’s a very nice scooter with an exceptionally smooth riding experience. The comfort level is excellent, making every ride enjoyable and stress-free. The mileage is impressive, and the vibrant color options make it even more attractive. Overall, it’s a great choice for anyone looking for a reliable electric scooter. Thank you, Ather Energy, for delivering such a wonderful riding experience",5.0,01-08-2026,01-08-2026
eb553391698078e30b554370f1f69735,Ather,Ather Rizta,91wheels,Nagarajhonnalli,"India’s number one electric scooter – it’s absolutely amazing! There are truly no words to describe the Ritza. I keep loving it more and more every day. It’s eco-friendly, saves money, and is a great step toward protecting nature. Thank you, Aethar, for creating such a fantastic electric scooter.",5.0,01-08-2026,01-08-2026
2e45e1cd0347886595dfabf676c306ec,Ather,Ather Rizta,91wheels,Kailash das,"I really like this bike. It is excellent, and I like this company very much. The color is also very nice. Overall, I think this is the best.",3.4,01-08-2026,01-08-2026
a7acddac8506a2f0e9c32aa7a8748ef8,Ather,Ather Rizta,91wheels,Ujjawal Sharma,I really want to buy this scooter. It looks great and seems like a reliable and practical choice for daily use.,4.6,01-08-2026,01-08-2026
95129537946deea6e9d8f9a2524e9a45,Ather,Ather Rizta,91wheels,Mohammed Hussain,"The bike is good and smart. Overall, it is very good and enjoyable to ride.",3.8,01-08-2026,01-08-2026
b204406df63fada8f335c2c0cc4ae5a5,Ather,Ather Rizta,91wheels,Meshva Kothiya,"The best features I came across were the auto hill hold, theft safety, and the unique Magic Twist, which make the Ather Rizta stand out from other EV scooters.",5.0,01-08-2026,01-08-2026
906a56b6aa69120c67c72500ef4177c0,Ather,Ather Rizta,91wheels,Janardhan kadam,"Ather is one of the best companies, and I haven’t faced any issues with their scooters, unlike some others. The Ather 159 offers a 159 km range, but I would recommend increasing it to 200 km for even better convenience. Overall, it’s a very good choice for families.",4.0,01-08-2026,01-08-2026
a71cbb382c00c6a3b248c59b17d70065,Ather,Ather Rizta,91wheels,Puneet Singh,"This scooter looks amazing, and its durability is really impressive. I even recommended it to my friend, and he purchased it this month. I’m also planning to buy this scooter next year in 2026. It’s truly a great choice",5.0,01-08-2026,01-08-2026
b98bdd468aa821a4a0e475148e96aec3,Ather,Ather Rizta,91wheels,Pritesh,"The main stand is lacking and needs to be completed. Additionally, features can be added to improve its performance for advanced range. Attention to these aspects would be greatly appreciated.",5.0,01-08-2026,01-08-2026
6542b007c7b635e9f8505743cf4e5dcf,Ather,Ather Rizta,91wheels,ganesh,"Nice vehicle at an affordable price. It’s very comfortable to ride and comes with a theft alert feature, so there’s no tension about security. Provides safe and smooth rides continuously, and it’s convenient for all family members to use.",4.2,01-08-2026,01-08-2026
4119baa9d49b302fca826932446470be,Ather,Ather Rizta,91wheels,Kamal kishore,"Very nice ev Ather Rizta. Looks great, performance is excellent, and I am planning to buy it very soon. Mileage is also very good, and all lights and accessories are of good quality. Truly amazing.",5.0,01-08-2026,01-08-2026
005ba0a782b8af9a9bef81a84deb850d,Ather,Ather Rizta,91wheels,Raaz,"Best electric scooter variant in India. Thank you so much, Ather. The Ather Rizta is very nice, cool, and useful. It’s my number one choice — very good, comfortable, and stylish.",5.0,01-08-2026,01-08-2026
9e74c03e78aedcb21776d23cd7acb9c8,Ather,Ather Rizta,91wheels,Sameer,"I really want this bike. One day, I will buy this dream scooter.",5.0,01-08-2026,01-08-2026
f1eab29e755e983cd140e81c09737e15,Ather,Ather Rizta,91wheels,Sujit Binkar,"Very nice and comfortable family vehicle. I’m really interested and want to get it soon. I chose this moped because it’s efficient, beautiful, and stylish. Plus, it helps save fossil fuel, making it eco-friendly too.",3.6,01-08-2026,01-08-2026
2f84f94b476d9b0e59797f72d51ff11a,Ather,Ather Rizta,91wheels,Rahul Bajage,"The scooter has excellent mileage and great battery backup. The speed controller works amazingly well. It provides a very smooth and enjoyable ride. I'm happy with it! The braking system is smooth, and it performs beautifully even on long rides.",5.0,01-08-2026,01-08-2026
90b9700fcc3de585037a8dfccc94bbd8,Ather,Ather Rizta,91wheels,VINAYAKA V,"The scooter is good and comfortable. Its mileage is also suitable for city rides, especially for delivery boys. The storage and seating space are more spacious compared to other electric vehicles.",3.8,01-08-2026,01-08-2026
4054579a7f76a8ce29ab60729d564222,Ather,Ather Rizta,91wheels,Suraj babu,Nice and very helpful for nature. Thank u so much u have lunch this scooter. Congratulations your all team And management. I like this scooter and his fichers.,5.0,01-08-2026,01-08-2026
4659a7ec0f88b7ef2d7ac9552422018f,Ather,Ather Rizta,91wheels,Suresh Thakur,"Very good, comfortable driving. Good looking. Very comfortable seat. Excellent break. Good for long drive. His Dicky size is very large. Led light of front is very good. Overall in this price a comfortable electric scooter.",3.8,01-08-2026,01-08-2026
fb4718422fd692d94880678f17a414e9,Ather,Ather Rizta,91wheels,Balaji,"Good mileage and stylish features is so nice I bought pro pack model this ev suggested by my friends and colleagues, it looks like a decent for every person.",5.0,01-08-2026,01-08-2026
1ffb6abbb57e3e16e7d32378cfedef2d,Ather,Ather Rizta,91wheels,Manoj dhawade,this scooter is excellent color is like design is good this average is good and top most popular and like company ranking is good and price is very increase all good.,5.0,01-08-2026,01-08-2026
5d96668be8ff71586e34a9504933164c,Ather,Ather Rizta,91wheels,Balakrishna H,Good performance and good looking for youth. Non polluting vehicle. Good attractive dual colors. Ather electric vehicle now a days is best and excellent scooter. Nice vehicle for smooth running.,5.0,01-08-2026,01-08-2026
788521911b9ee80b76f6c320049dc62a,Ather,Ather Rizta,91wheels,Shobhit Tiwari,Fabulous scooter in awesome price range having great balancing with smooth handling marvelous braking system.,5.0,01-08-2026,01-08-2026
ff0ec4cb9bdd4a8b998e344cadf6567c,Ather,Ather Rizta,bikewale,Lalit,"Excellent scooter with an effective price range. I want to buy one more, and this is a good product and light in weight. Very good balance whileriding, and two people can easily sit on this scooter. I recommended purchase in this scooter.",5.0,18-07-2026,01-08-2026
957818e34d25d8481cfff11f0763ca0d,Ola Electric,Ola S1X,91wheels,Kunal Paul,Yeh scooter acchi hai. Acchi quality kya hai. Dekhne bhi bhi accha hai. Sab kuch hi accha hai. Aap le sakte isko. Ek baar chalayenge to bahut accha paayenge.,3.8,30-07-2026,01-08-2026
fdb0aed85bbe398b1e91917b6956b9e4,Ola Electric,Ola S1X,91wheels,Best ev,"Chalane me to bahut top hai, best aur long range bhi hai aur price bhi accha hai, dekhne me sundar bhi hai, comfortable bhi hai.",5.0,29-07-2026,01-08-2026
4e1d2fa7aea87325d4c58d5ad37653d3,Ola Electric,Ola S1X,91wheels,Shivam Yadav,"This vehicle is very comfortable and offers a smooth riding experience. It performs exactly as I expected and provides great value for money. I purchased the Ola S1X (3 kWh) and I am really happy with its performance, comfort, and overall experience. It is a perfect choice for those looking for a practical and efficient electric scooter.",5.0,28-07-2026,01-08-2026
4a28fa4965a74fb494dc41b5433c9cb2,Ola Electric,Ola S1X,91wheels,Rajeev kumar arya,"This scooter offers nice performance and a smooth riding experience. It is comfortable to use and provides reliable performance for daily needs. Overall, it is a good scooter with satisfying features.",5.0,27-07-2026,01-08-2026
1a3670d433496282aea6621d66422b03,Ola Electric,Ola S1X,91wheels,Balappa Beerappa,"This is a super and fantastic bike. It offers excellent performance, great style, and a satisfying riding experience. In my opinion, this bike is one of the best and deserves to be considered a number one choice.",5.0,27-07-2026,01-08-2026
4cc8c68c0c7c3970d0e93661a4646f67,Ola Electric,Ola S1X,91wheels,Yogesh kumar,"This scooter is nice and perfectly suited for daily use. It has a spacious seat, making rides comfortable for both rider and pillion. The mileage is good and suitable for everyday commuting, while the speed is well-balanced for regular city travel. Overall, it is a practical and reliable scooter for daily needs.",4.8,01-08-2026,01-08-2026
fd2cc6788114ba01733ac26d322460c0,Ola Electric,Ola S1X,91wheels,KANCHANBEN,"This product is really great and enjoyable to use. I like it a lot, which is why I want to have it. It feels amazing and stands out for its overall quality and appeal. It’s truly a very good choice.",5.0,01-08-2026,01-08-2026
8d692e4d19a505e632324e1aad8ed848,Ola Electric,Ola S1X,91wheels,amit patel,A very nice and comfortable scooter that makes daily riding smooth and easy. It is well-suited for regular use and provides a pleasant riding experience overall.,5.0,01-08-2026,01-08-2026
664938a2ed1887c0eac44f208e770f45,Ola Electric,Ola S1X,91wheels,Vikram,"It is an amazing scooter that offers a very comfortable riding experience, especially for city use and longer rides. Overall, it is a very good scooter that ensures a smooth and enjoyable journey.",4.0,01-08-2026,01-08-2026
f01379b0a1d88ed6eaaaccf74d142932,Ola Electric,Ola S1X,91wheels,SANJEEB DAS,"This is a very good bike from a reliable company. Ola has done an excellent job in the EV bike and scooter segment. I am very happy with the service provided by Ola, and the mileage is also impressive. I would definitely suggest this to others looking for a good and efficient electric vehicle.",5.0,01-08-2026,01-08-2026
dfa38206fc4e3b123231e28873975d15,Ola Electric,Ola S1X,91wheels,Saksham singh,"My ride on this scooter is very smooth, and the speed is impressive for its range. I would highly recommend it. The touchscreen is easy and smooth to operate, and the suspension provides a comfortable and stable ride.",4.6,01-08-2026,01-08-2026
f375d17674637d7ba06e00e746a69735,Ola Electric,Ola S1X,91wheels,Abdul,"This is an amazing bike in its price range and truly worth every penny. Scooty lovers will definitely enjoy it. It offers rapid acceleration, excellent performance, and overall, it’s an awesome and reliable scooter.",3.6,01-08-2026,01-08-2026
89203e32c7ff4306821c62120fc6e2c7,Ola Electric,Ola S1X,91wheels,Gaurav,"This is a best scooter. It's mileage, comfort. speed, average - everything is good.",5.0,01-08-2026,01-08-2026
0c0901ccc784dcbe3ddedaf3e403d090,Ola Electric,Ola S1X,91wheels,Chandra Bhan Singh,Ye vaahan bahut hi accha hai. Iska range accha hai. Chalne mein theek hai. Lekin service par thoda dhyan diya jaaye.,4.0,01-08-2026,01-08-2026
52c91517b51ef366789944313941de08,Ola Electric,Ola S1X,91wheels,Aamir,"This is the best scooter in its price range, offering awesome performance. It is very lightweight and provides a smooth riding experience. The range is impressive for the price, and the customer support is also very helpful. Overall, it’s a great choice.",5.0,01-08-2026,01-08-2026
5c3c251df1fba10a156860265c8a97a4,Ola Electric,Ola S1X,91wheels,Makibul islam,This is a good and comfortable scooter. I highly recommend it to everyone. Its spacious design and comfortable seating make it ideal for daily use.,5.0,01-08-2026,01-08-2026
160506261e37abc7ef18f93ae343dc4c,Ola Electric,Ola S1X,91wheels,Fhhhu,"This is a very good product and definitely worth buying. The price is quite affordable, which makes it a great value for money. Considering its quality and performance, it is a must-buy for anyone looking for a good option at a low price.",5.0,01-08-2026,01-08-2026
c17f74c4df824f13ef44e2861d9d5d17,Ola Electric,Ola S1X,91wheels,Silent Nagendra,"The bike is in very good condition, with excellent charging and smooth performance. It’s perfect for road trips and daily use. The EMI options make it even more convenient. Overall, a very nice and worthwhile bike.",5.0,01-08-2026,01-08-2026
160f8104ad0ad27479d888b394934296,Ola Electric,Ola S1X,91wheels,Anil Kumar,"This scooter is excellent in terms of mileage and offers very comfortable ride quality. It is smooth, reliable, and perfect for daily use.",4.8,01-08-2026,01-08-2026
fc67bfece94d14fcf6d767b586d5728e,Ola Electric,Ola S1X,91wheels,Rakesh kumar,Good work by the company. They delivered this EV scooter to my home. Thank you,5.0,01-08-2026,01-08-2026
9e2dc7d477ff79db0389fce77ec45394,Ola Electric,Ola S1X,91wheels,shailender,I am 100% satisfied with my OLA Electric manual scooter. I am planning to purchase another electric vehicle from OLA Electric soon. I am even selling my petrol bike to upgrade to another OLA scooter.,4.8,01-08-2026,01-08-2026
c69cbd6002328b7ae3e9a70a2be61fe8,Ola Electric,Ola S1X,91wheels,AKKENAPALLI SANTHOSH,Ola Bike has super pick-up; within seconds it reaches high speed.,5.0,01-08-2026,01-08-2026
79f623f00b8d4dc6632a7e0b5a419377,Ola Electric,Ola S1X,91wheels,J P,Ye gadi bahut achchi hai.,5.0,01-08-2026,01-08-2026
01cd1725dde1909b478356d75422f89d,Ola Electric,Ola S1X,91wheels,B Tharun,"It is really good bike that I drive daily , with good battery capacity ,it is really amazing bike that I prefer for driving daily. I suggest to all.",5.0,01-08-2026,01-08-2026
bfe2b94436082ef622e1a32061402dc6,Ola Electric,Ola S1X,91wheels,Tushar,"The Ola S1 looks absolutely stunning and delivers an incredibly smooth ride. This is my first vehicle, and I’m proud to have chosen it. In my opinion, it's the best battery scooter in the world—both now and for the future.",5.0,01-08-2026,01-08-2026
fd5fbca5fda74bc25b17604ba87ec1cb,Ola Electric,Ola S1X,bikewale,Pankaj Singh,"Poor built quantity 1 out of 10, Motor bad 1 out of 10, Vcu jal gaya, Break system poor, Hang issue all time, Lock system 2 time changed, Footrest dono toot Gaye, All time feel bad Not for Girls u get a dangerous situation 😭😭😭 This is a review under16000 kmonly. Poora Paisa barbad. Koi scooty lo ek loder jaroor khareed lena bhai jarurat padegi.",1.0,20-06-2026,01-08-2026
5b0d87d9421eab67539e30e6216396e6,Bajaj,Bajaj Chetak,91wheels,Abdul Kareem Abdul,It is very important for the future. I suggest this vehicle to everyone because it is a future-ready vehicle. I also recommend it to my friend circle and other people.,4.2,01-08-2026,01-08-2026
16d30d1660455e34cfaab194a774c6b4,Bajaj,Bajaj Chetak,91wheels,Umesh Rana,"Excellent scooter with a comfortable and smooth ride. It is easy to drive and gives a great riding experience. Thank you, Bajaj.",3.2,01-08-2026,01-08-2026
9cec7796fb2db598cb58db86754ec8e6,Bajaj,Bajaj Chetak,91wheels,Surya Hanmandlu,"The scooter offers an incredibly smooth and comfortable ride with excellent performance. It's stylish, reliable, and truly one of the best electric scooters in its segment. Highly recommended.",5.0,01-08-2026,01-08-2026
aa8c21055be85c88c1b28107f7db7d10,Bajaj,Bajaj Chetak,91wheels,Pravin sardarsing,"The Bajaj Chetak electric scooter has a very stylish look and premium design. The ride quality is smooth, and the charging speed is impressive. I really like this scooter, and even my friends are planning to purchase it soon. A great electric scooter with excellent value.",5.0,31-07-2026,01-08-2026
6a2abd974ca25bc1ef4b973f89dc360c,Bajaj,Bajaj Chetak,91wheels,yanshika kriplani,"This scooter offers a premium metal body with excellent build quality. The ride is smooth and comfortable, with large under-seat storage and a practical design. It also provides low running and maintenance costs, along with the reliability of Bajaj’s trusted service network compared to many other EV brands.",4.6,31-07-2026,01-08-2026
d7d7d8666b3282e8a93a515b057b7e8d,Bajaj,Bajaj Chetak,91wheels,Poonam Sharma,"Best electric scooter with good features. Easy to access, smooth to ride, and easy to maintain. The price is good, it saves electricity, and has low maintenance. My daughter also likes this scooter, and my son also likes it.",4.0,29-07-2026,01-08-2026
8299598523c80008c29b0f9bb4364358,Bajaj,Bajaj Chetak,91wheels,Abhishek Kumar,"This scooter has a very nice and attractive look. Its stylish design makes it highly appealing and eye-catching. Overall, it is a beautiful scooter with a modern appearance and a great road presence.",5.0,28-07-2026,01-08-2026
e03c25a40260c904a8de987b3692e122,Bajaj,Bajaj Chetak,91wheels,Ganesh Sir,"A very nice bike with a smooth and enjoyable riding experience. I love this bike because of its fast performance, excellent build quality, and attractive colours. The maintenance cost is very low, and the overall experience is superb. I have recommended this awesome bike to many people.",5.0,27-07-2026,01-08-2026
5c6e6111e0ae3a1b009571696ca707a9,Bajaj,Bajaj Chetak,91wheels,Pradeep Bhatt,"A good and comfortable vehicle with excellent fuel economy. I feel absolutely delighted with its performance. It offers good boot space to keep luggage safe and provides a hassle-free, comfortable driving experience. Overall, it is a practical and satisfying choice.",4.2,26-07-2026,01-08-2026
1ef14a225e6021a9a80d2a8327a5a074,Bajaj,Bajaj Chetak,91wheels,manoj kumar swami Borind khurd,"Iski body bahut mazboot hai. Isme raat ke samay bhi lighting bahut acchi milti hai. Yeh fully automatic vehicle hai. Kul milakar yeh ek bahut hi shandaar, zabardast, kifayati aur tikau product hai. Iski performance aur quality dono hi kaafi achhi hain.",3.4,25-07-2026,01-08-2026
99322c6ea8b7ad32df9fa4ccd689ee3e,Bajaj,Bajaj Chetak,91wheels,Shahrukh,"Mera review aur experience bahut hi shandaar raha hai. Chetak EV Scooter mein, pichle 3 saal se use kar raha hoon. Metal body hai, battery backup accha hai, speed acchi hai. Koi bhi dikhat nahi pichle 3-4 saalon mein.",5.0,25-07-2026,01-08-2026
ac0006dcc5e0ae4cb0694002c67954b2,Bajaj,Bajaj Chetak,91wheels,Sachin Ramdas,"Bahut sundar scooter hai Bajaj Chetak. Iska battery warranty aur backup dono bahut achha hai. Scooter ka design bhi kafi mast hai aur seat space bhi bahut badhiya hai. Iska mirror design aur suspension dono ekdum lajawab hain, aur service toh bilkul top-class hai",3.8,25-07-2026,01-08-2026
63149d2a68de05964a5dcf4dea3cd62d,Bajaj,Bajaj Chetak,91wheels,Rahul Meena,Build quality too strong and features is good I prefer to all people to buy this scooter because it is worth it,3.6,18-07-2026,01-08-2026
0f7d85257b506a3fe7e23c893e3ccc0b,Bajaj,Bajaj Chetak,bikewale,Praveen Dewani,Serviceek dum bekar hai.Partsnot available for 2 monthsServicecentre wale bolte hain itna time to lagta hai..Is se achi petrol wali gadi hai....Chetak ek dum bekar gadi hai galti se bhi mat lena..,1.0,25-07-2026,01-08-2026
74380516648ab0e43ae93e65bf2dc3d1,Bajaj,Bajaj Chetak,bikewale,Kajal,"A tank like metal build the only ev with full metal body, shiny premium look, big compartment, smooth ride, a great 3 hours charging, a ultimate 120+kmsrange, if you was any something that can make it for 5+ years go for it, it also provides a reverse mode very convenient for daily commuting, whether you want it for family or college or daily commute just go for it, it's the perfect ev right now in market.",5.0,18-07-2026,01-08-2026
768389f9c0fa470af5be760b0032bc72,Bajaj,Bajaj Chetak,bikewale,Rajalakshmi,"I purchased a 3502+tecpac in early 2025, as soon as it launched.Usage: I use it in Bangalore suburbs where there is not too much traffic often. I mainly go short distances (usually round trip10-15km) and always use sports mode. I mainly use it to buy grocery and other daily chores and ride without pillion.Build and hardware: The scooter looks good with main body (below and around seat) and front piece (below the headlight and controls) feel like metal, whereas mudguard and otherpartsseem to be of fiber. I didnt have any problem with the control buttons. There is no boot light. The opened seat doesnt close slowly enough for me to conveniently unload my grocery.Notable features: 1. Good boot space for my grocery. 2. It automatically shifts to sports mode when you accelerate hard and more power is needed. 3. It also downrates power when charge is low, and can even go at very low power after main battery reaches 0%.Personal range experience: I ALWAYS ride in sports mode and try to hit 60s and above whenever i can, which gives me a significantly less range (around70-80km) and very unreliable displayed range. Surely it'll be better on Eco. Acceleration not punchy but not bad either as it's designed for city use, and i think families. Brakes seem good, never had a problem till date.Tecpac: i think Bajaj has forgotten R&D in the hurry to launch an EV with connectivity features. It's been almost a year but my tecpac (₹5000) is still not fully activated no matter what the technicians do. I think it's a manufacturing defect and nobody at my dealership knows how to fix it. The Chetak app on my phone doesnt show any features and always shows subscription 'inactive'. The app itself has a rating of 2.0 on play store at the time of writing. I just paid for the tecpac for the sports mode and didnt really need any other features (definitely not the useless hill hold that gets accidentally triggered and lasts 3sec). Combined with one untrained, unprofessional sales staff member, the tecpac experience (except sports mode) wasted hours of my time going back and forth to theservicecenter, and i still have not a single connectivity feature, no self cancelling indicators. Additonally, I was asked to (paid)serviceit once every 3-4 regardless ofkmdriven, which doesn't make sense.ProsExcellent boot spaceDecent acceleration and 2 riding modes with tecpacGood brakesSpacious seat and foot pedals for pillionMetal body under and around seatClassic appearancePleasant localservicestaffConsTecpac activation failure and terrible Chetak app ratingRange70-80kmwhen always on sports modeAsked toserviceevery 3-4 months regardless ofkm, or else warranty will become voidNot FULL metal body as advertised.Verdict: Good scooter for city use without tech features. I would've purchased 3503 if it didnt have only 63kmph top speed.",4.0,06-12-2025,01-08-2026
649afd43472fd5ea61fdedd84a1a807a,Bajaj,Bajaj Chetak,bikewale,Dr C Venkatesh,I have used this vehicle for the past 6 Months. It gives good performance and boot space is also good. Daily I am driving nearly100 kilometers. Moreover the charging time is less what I expected. During in rain time also the vehicle is user friendly. I recommend this vehicle to provide good platform and confidence among EV customers.,5.0,01-08-2025,01-08-2026
64e464535d12ab5b04eeb5557532d39c,Bajaj,Bajaj Chetak,bikedekho,Sandeep,"I had purchased it when ev was new in market, I am very much satisfied. I had drove it for more than 50000 kms with no expense. I had to change only tyres and regular service only one auxiliary battery of Rs. 800 had been changed. I am quiet impressed me and my son both have purchased but there is very less front space between handle and seat to carry extra luggage vegetables or ration need to improve in this area good service staff in patni and Nagpur. I will recommend everyone to go for this ev only. Positive, Very good for local commute, I had recovered all the money spend for purchase, me and my son had not spend a single penny for petrol, very pleasant ride for city and highway also but with limitation of distance. mid age person college boys with huge space in seat box for helmet and laptop girls working women also it's value for money, I had already 2 chetak with me and both vehicle had been run for 50000 and 23000 kms planning to purchase one more for my wife.",3.8,20-07-2026,01-08-2026
0778f8bc05d82f1f2780ced6c5646b96,Bajaj,Bajaj Chetak,bikedekho,Hardik,"Good performance and smooth ride, super scooter for regular use and love cost maintenance only 25 rs km at the time petrol cost is hight so buy ev scooter and save environment and money for middle class family, students and employees, like delivery boy and marketing job, I have super experience from bajaj chetak.",4.0,19-07-2026,01-08-2026
c58c262d82dc3322fec5a402c83b503b,Hero,Hero Vida V2,91wheels,Koushik Dolai,"This is a very good scooter. It offers a comfortable riding experience and is a great choice for daily use. I would definitely recommend considering this scooter because it provides good performance, convenience, and overall value.",4.4,28-07-2026,01-08-2026
c65e9cdf7689c81abbfd75d198e4fc15,Hero,Hero Vida V2,91wheels,Sourabh Waghmare,I have rode this bike since last 1.5 years it is still working fine without any issue I like its features like the removable battries are good for me,4.0,25-07-2026,01-08-2026
e25adad45af63486faee0edd79f53719,Hero,Hero Vida V2,91wheels,Dipankar Samadder,This scooter is very comfortable and best for family. I have one vida scooter and I planned to purchase for another one for me. I liked it so much. This is impressive. Looks also nice.,5.0,18-07-2026,01-08-2026
136fcd11a2b7121ed3a3498a58dbd482,Hero,Hero Vida V2,91wheels,Romy Sharma,"Sabse se best scooter hai is segment ka. Range bhi ek no hai, 2 saal se use kar raha hu mast chal rahi hai. Sab se badi baat service centre badhia hai.",5.0,18-07-2026,01-08-2026
1118a48686403c482c2466a984b655c1,Hero,Hero Vida V2,91wheels,Rudra narayana Sahoo,This scooter is good for budget with good stability & battery quality is good with the range and the features are really awesome and the scooter quality is good with minimum maintenance,4.6,18-07-2026,01-08-2026
edd35f6a325e24dcd540a8b1c5400633,Hero,Hero Vida V2,91wheels,Jitendra Kumar,"The Vida 2.82 scooter offers outstanding performance and delivers a smooth riding experience. I would recommend it to everyone, as it is a reliable and practical option. It is a scooter that should be considered for every household due to its performance and usefulness.",5.0,01-08-2026,01-08-2026
a6232f26ca461bc69d15e9de4d947667,Hero,Hero Vida V2,91wheels,Harihara Bhatt,"The Hero Vida VX2 Plus is an excellent bike. I purchased it last month, and it rides very smoothly. It requires minimal maintenance and has no problems so far. I highly recommend it to everyone.",3.6,01-08-2026,01-08-2026
4b2e92068da3f0184be8762f21d717c9,Hero,Hero Vida V2,91wheels,Ashok Loganathan,"This bike is an excellent choice for daily two-wheeler users. It is very economical and helps save money on fuel and maintenance. I would definitely recommend it to friends, family, and relatives for a great riding experience. I am extremely happy with my purchase and satisfied with its performance.",3.0,01-08-2026,01-08-2026
f11ea76ae8ef038f21449beb6a6406d3,Hero,Hero Vida V2,91wheels,Abhishek parmar,"This scooter offers excellent comfort and a very smooth ride. Its design is attractive and well-crafted, making it stand out on the road. The headlight and DRL lights are bright and effective, enhancing safety and visibility. Overall, it’s a stylish, comfortable, and reliable scooter with impressive features.",4.6,01-08-2026,01-08-2026
c75a9eb04874f398b1a5a2994aa7550a,Hero,Hero Vida V2,91wheels,Shivanu Yadav,"Very nice scooter with a comfortable and sporty design. I love this scooter! The braking system is good, featuring a rear disc brake and back drum brake. The suspension is also excellent.",5.0,01-08-2026,01-08-2026
a5a5a0f413f21ec0b711a09583e8262a,Hero,Hero Vida V2,bikewale,Ripal Gor,"I purchased the Hero Electric Vida V2 Pro scooter last October, and I have been facing issues ever since. On one occasion, whileridingon the highway, the scooter suddenly shut down; fortunately, there were no large vehicles approaching from behind, or else both my wife and I could have lost our lives. I have sent over 30 emails to the company but have received no response—only automated replies. Even the service centre is unable to diagnose the problem. My advice is that buying a Hero electric scooter is a waste of money and puts your life at risk.",1.0,18-07-2026,01-08-2026
